Handle,Title,Image Src,Image Position
392877624101,Product 392877624101,"https://i.ebayimg.com/images/g/yYAAAOSwpV5jl5nI/s-l1600.jpg",1
392877624101,,"https://i.ebayimg.com/images/g/gY4AAeSwkeNom0Ji/s-l1600.jpg",2
392877624101,,"https://i.ebayimg.com/images/g/sUYAAeSw5-5om0Jh/s-l1600.jpg",3
392877624101,,"https://i.ebayimg.com/images/g/KEUAAeSwNwNom0Ji/s-l1600.jpg",4
392877624101,,"https://i.ebayimg.com/images/g/9UoAAeSwSBlom0Ji/s-l1600.jpg",5
392877624101,,"https://i.ebayimg.com/images/g/jMoAAeSw1wRom0Jh/s-l1600.jpg",6
392877624101,,"https://i.ebayimg.com/images/g/FxYAAeSw6Q5om0Ji/s-l1600.jpg",7
392877624101,,"https://i.ebayimg.com/images/g/QUIAAeSwDVFom0Jh/s-l1600.jpg",8
392877624101,,"https://i.ebayimg.com/images/g/wdsAAeSwejdom0Ji/s-l1600.jpg",9
392877624101,,"https://i.ebayimg.com/images/g/~IEAAeSwmrhom0Jh/s-l1600.jpg",10
392877624103,Product 392877624103,"https://i.ebayimg.com/images/g/ZswAAeSwjoxpczE2/s-l1600.jpg",1
392877624103,,"https://i.ebayimg.com/images/g/ZnwAAeSwwwFpczE3/s-l1600.jpg",2
392877624103,,"https://i.ebayimg.com/images/g/jnYAAOSw5adnW~64/s-l1600.jpg",3
392877624103,,"https://i.ebayimg.com/images/g/ClsAAOSw7DFnXAnC/s-l1600.jpg",4
392877624103,,"https://i.ebayimg.com/images/g/afoAAOSwxOZnW~7E/s-l1600.jpg",5
392877624103,,"https://i.ebayimg.com/images/g/zCcAAOSwwdZnW~6~/s-l1600.jpg",6
392877624103,,"https://i.ebayimg.com/images/g/u0UAAOSwqy1nXAaO/s-l1600.jpg",7
392877624103,,"https://i.ebayimg.com/images/g/XNEAAOSwDWtnW~61/s-l1600.jpg",8
392877624103,,"https://i.ebayimg.com/images/g/BSUAAOSwSnZe5yaE/s-l1600.jpg",9
392877624103,,"https://i.ebayimg.com/images/g/XvUAAOSwCgRe5yaG/s-l1600.jpg",10
392877624103,,"https://i.ebayimg.com/images/g/X2cAAOSw05Ve5yaJ/s-l1600.jpg",11
392877624103,,"https://i.ebayimg.com/images/g/42AAAOSwDtde5yaN/s-l1600.jpg",12
392877624103,,"https://i.ebayimg.com/images/g/lBQAAOSwFohe5yaL/s-l1600.jpg",13
392877624103,,"https://i.ebayimg.com/images/g/yAAAAOSwvDJe5yaS/s-l1600.jpg",14
392877624103,,"https://i.ebayimg.com/images/g/AOAAAOSwP79e5yaQ/s-l1600.jpg",15
392877624103,,"https://i.ebayimg.com/images/g/9XsAAOSwO7de5yaT/s-l1600.jpg",16
392877624103,,"https://i.ebayimg.com/images/g/jb0AAOSwW8Je5yaX/s-l1600.jpg",17
392877624104,Product 392877624104,"https://i.ebayimg.com/images/g/JEQAAOSwSdFe8utK/s-l1600.jpg",1
392877624104,,"https://i.ebayimg.com/images/g/YVsAAOSwROxe8usE/s-l1600.jpg",2
392877624104,,"https://i.ebayimg.com/images/g/s18AAOSwEDde8usV/s-l1600.jpg",3
392877624104,,"https://i.ebayimg.com/images/g/074AAOSwGRFe8usw/s-l1600.jpg",4
392877624104,,"https://i.ebayimg.com/images/g/Ju8AAOSwxFpe8us5/s-l1600.jpg",5
392877624104,,"https://i.ebayimg.com/images/g/dtYAAOSwz7Ve8utA/s-l1600.jpg",6
392877624104,,"https://i.ebayimg.com/images/g/1ucAAOSwq~5e8utV/s-l1600.jpg",7
392877624104,,"https://i.ebayimg.com/images/g/7VMAAOSwu1Je8utf/s-l1600.jpg",8
392877624104,,"https://i.ebayimg.com/images/g/QWAAAOSwH2Be8utl/s-l1600.jpg",9
392877624104,,"https://i.ebayimg.com/images/g/~zUAAOSwh-Je8uuD/s-l1600.jpg",10
392877624104,,"https://i.ebayimg.com/images/g/TdQAAOSwcFJe8uuL/s-l1600.jpg",11
392877624104,,"https://i.ebayimg.com/images/g/kJkAAOSwbrNe8u0f/s-l1600.jpg",12
392877624106,Product 392877624106,"https://i.ebayimg.com/images/g/qHkAAeSw4Jlpczyi/s-l1600.jpg",1
392877624106,,"https://i.ebayimg.com/images/g/oD4AAOSwsJJiRB8w/s-l1600.jpg",2
392877624106,,"https://i.ebayimg.com/images/g/aS8AAOSwFb9iRB9P/s-l1600.jpg",3
392877624106,,"https://i.ebayimg.com/images/g/HPwAAOSwZc5iRB9t/s-l1600.jpg",4
392877624106,,"https://i.ebayimg.com/images/g/QAcAAOSw~i1iRB9b/s-l1600.jpg",5
392877624106,,"https://i.ebayimg.com/images/g/qMMAAOSw6~tiRB85/s-l1600.jpg",6
392877624106,,"https://i.ebayimg.com/images/g/ZUIAAOSwthpiRB9f/s-l1600.jpg",7
392877624106,,"https://i.ebayimg.com/images/g/0uYAAOSwuAdiRB9n/s-l1600.jpg",8
392877624106,,"https://i.ebayimg.com/images/g/fU8AAOSw84ZiRB97/s-l1600.jpg",9
392877624106,,"https://i.ebayimg.com/images/g/43MAAOSwr11iRB-A/s-l1600.jpg",10
392877624106,,"https://i.ebayimg.com/images/g/nzcAAOSwXhFiRB-I/s-l1600.jpg",11
392877624108,Product 392877624108,"https://i.ebayimg.com/images/g/XecAAOSwy~Je8IYL/s-l1600.jpg",1
392877624108,,"https://i.ebayimg.com/images/g/VnsAAOSwVuZe8IX-/s-l1600.jpg",2
392877624108,,"https://i.ebayimg.com/images/g/V8EAAOSwfmNe8IYC/s-l1600.jpg",3
392877624108,,"https://i.ebayimg.com/images/g/NGsAAOSw4rte8IYN/s-l1600.jpg",4
392877624108,,"https://i.ebayimg.com/images/g/zbwAAOSw6lFe8IYG/s-l1600.jpg",5
392877624108,,"https://i.ebayimg.com/images/g/NGcAAOSw4rte8IYI/s-l1600.jpg",6
392877624108,,"https://i.ebayimg.com/images/g/sOgAAOSwKGBe8IYZ/s-l1600.jpg",7
392877624108,,"https://i.ebayimg.com/images/g/pmUAAOSwpLle8IYQ/s-l1600.jpg",8
392877624108,,"https://i.ebayimg.com/images/g/lAcAAOSwtyRe8IYT/s-l1600.jpg",9
392877624108,,"https://i.ebayimg.com/images/g/2~sAAOSwmBRe8IYW/s-l1600.jpg",10
392877624108,,"https://i.ebayimg.com/images/g/wIEAAOSwlPZe8IYc/s-l1600.jpg",11
392877624113,Product 392877624113,"https://i.ebayimg.com/images/g/pMcAAOSwuNxiJdVB/s-l1600.jpg",1
392877624113,,"https://i.ebayimg.com/images/g/ddIAAOSw36xiJdVO/s-l1600.jpg",2
392877624113,,"https://i.ebayimg.com/images/g/0~0AAOSwGPVmPhqQ/s-l1600.jpg",3
392877624113,,"https://i.ebayimg.com/images/g/DioAAOSwSP9iJdVl/s-l1600.jpg",4
392877624113,,"https://i.ebayimg.com/images/g/5JAAAOSwJn9iJdV8/s-l1600.jpg",5
392877624113,,"https://i.ebayimg.com/images/g/RQsAAOSw5KhiJdXZ/s-l1600.jpg",6
392877624113,,"https://i.ebayimg.com/images/g/MRcAAOSwXPxiJdXQ/s-l1600.jpg",7
392877624113,,"https://i.ebayimg.com/images/g/djgAAOSw36xiJdWK/s-l1600.jpg",8
392877624113,,"https://i.ebayimg.com/images/g/bSEAAOSwrwBlEtHA/s-l1600.jpg",9
392877624113,,"https://i.ebayimg.com/images/g/ZOsAAOSwSJhiJdWh/s-l1600.jpg",10
392877624113,,"https://i.ebayimg.com/images/g/oxkAAOSwKCxiJdW7/s-l1600.jpg",11
392877624113,,"https://i.ebayimg.com/images/g/lUIAAOSw2XliJdWv/s-l1600.jpg",12
392877624113,,"https://i.ebayimg.com/images/g/8oQAAOSw2LNiJdXE/s-l1600.jpg",13
392877629804,Product 392877629804,"https://i.ebayimg.com/images/g/JbIAAOSwLLRfDDEd/s-l1600.jpg",1
392877629804,,"https://i.ebayimg.com/images/g/538AAOSw80FfDDEz/s-l1600.jpg",2
392877629804,,"https://i.ebayimg.com/images/g/9kkAAOSwQ7lfDDEX/s-l1600.jpg",3
392877629804,,"https://i.ebayimg.com/images/g/xQsAAOSwjZ9fDDE1/s-l1600.jpg",4
392877629804,,"https://i.ebayimg.com/images/g/y6AAAOSwSkhfDDEf/s-l1600.jpg",5
392877629804,,"https://i.ebayimg.com/images/g/6RQAAOSwCklfDDEa/s-l1600.jpg",6
392877629804,,"https://i.ebayimg.com/images/g/pTMAAOSwn3ZfDDEj/s-l1600.jpg",7
392877629804,,"https://i.ebayimg.com/images/g/NL0AAOSwyMdfDDEn/s-l1600.jpg",8
392877629804,,"https://i.ebayimg.com/images/g/gd0AAOSwRNlfDDEs/s-l1600.jpg",9
392877629804,,"https://i.ebayimg.com/images/g/WqsAAOSwr0RfDDEx/s-l1600.jpg",10
392877629804,,"https://i.ebayimg.com/images/g/8gAAAOSwYj5fDDE2/s-l1600.jpg",11
392877629804,,"https://i.ebayimg.com/images/g/JdUAAOSwUmxfDDE4/s-l1600.jpg",12
392877630797,Product 392877630797,"https://i.ebayimg.com/images/g/kd8AAeSwcLppQCEj/s-l1600.jpg",1
392877630797,,"https://i.ebayimg.com/images/g/KFYAAeSwOoppQCEc/s-l1600.jpg",2
392877630797,,"https://i.ebayimg.com/images/g/KH0AAeSwOoppQCEj/s-l1600.jpg",3
392877630797,,"https://i.ebayimg.com/images/g/-8MAAOSwGgZfDFX2/s-l1600.jpg",4
392877630797,,"https://i.ebayimg.com/images/g/chQAAOSwxiFfDFXZ/s-l1600.jpg",5
392877630797,,"https://i.ebayimg.com/images/g/WFAAAOSwBbtfDFXl/s-l1600.jpg",6
392877630797,,"https://i.ebayimg.com/images/g/GxYAAOSwkJJfDFXb/s-l1600.jpg",7
392877630797,,"https://i.ebayimg.com/images/g/jsAAAOSwsZNfDFXg/s-l1600.jpg",8
392877630797,,"https://i.ebayimg.com/images/g/kcAAAOSwBktfDFXy/s-l1600.jpg",9
392877630797,,"https://i.ebayimg.com/images/g/D5IAAOSwxmhfDFXs/s-l1600.jpg",10
392877631633,Product 392877631633,"https://i.ebayimg.com/images/g/cVUAAOSwXsJfDUAE/s-l1600.jpg",1
392877631633,,"https://i.ebayimg.com/images/g/IHMAAOSw44FfDUAB/s-l1600.jpg",2
392877631633,,"https://i.ebayimg.com/images/g/EfwAAOSwlDdfDUAR/s-l1600.jpg",3
392877631633,,"https://i.ebayimg.com/images/g/dTsAAOSwH6dfDUAL/s-l1600.jpg",4
392877631633,,"https://i.ebayimg.com/images/g/bB4AAOSwVmFfDUAW/s-l1600.jpg",5
392877631633,,"https://i.ebayimg.com/images/g/caEAAOSw6upfDUAd/s-l1600.jpg",6
392877631633,,"https://i.ebayimg.com/images/g/khIAAOSw26BfDUAf/s-l1600.jpg",7
392877633610,Product 392877633610,"https://i.ebayimg.com/images/g/2NUAAOSwZutfDWAb/s-l1600.jpg",1
392877633610,,"https://i.ebayimg.com/images/g/iYwAAOSw3Aln4mEM/s-l1600.jpg",2
392877633610,,"https://i.ebayimg.com/images/g/0QgAAOSwEHNfDWAs/s-l1600.jpg",3
392877633610,,"https://i.ebayimg.com/images/g/2NgAAOSwZutfDWAe/s-l1600.jpg",4
392877633610,,"https://i.ebayimg.com/images/g/NFMAAOSwkXlfDWAg/s-l1600.jpg",5
392877633610,,"https://i.ebayimg.com/images/g/ncYAAOSwI1xfDWAi/s-l1600.jpg",6
392877633610,,"https://i.ebayimg.com/images/g/ACIAAOSwqMtfDWAl/s-l1600.jpg",7
392877633610,,"https://i.ebayimg.com/images/g/ZHwAAOSwZ-tfDWAn/s-l1600.jpg",8
392877633610,,"https://i.ebayimg.com/images/g/QOoAAOSwHhVfDWAr/s-l1600.jpg",9
392877633610,,"https://i.ebayimg.com/images/g/W~kAAOSwzxdfDWAp/s-l1600.jpg",10
392877637944,Product 392877637944,"https://i.ebayimg.com/images/g/OEsAAOSwq0FlCYX6/s-l1600.jpg",1
392877637944,,"https://i.ebayimg.com/images/g/jBwAAeSwDPBo7fm-/s-l1600.jpg",2
392877637944,,"https://i.ebayimg.com/images/g/MuQAAOSwxQFlCYX6/s-l1600.jpg",3
392877637944,,"https://i.ebayimg.com/images/g/H5EAAOSwWetlCYX5/s-l1600.jpg",4
392877637944,,"https://i.ebayimg.com/images/g/cEwAAOSwdsBlCYX6/s-l1600.jpg",5
392877637944,,"https://i.ebayimg.com/images/g/bgUAAOSwq2tlCYX6/s-l1600.jpg",6
392877637944,,"https://i.ebayimg.com/images/g/2~cAAOSwKXxlCYX6/s-l1600.jpg",7
392877637944,,"https://i.ebayimg.com/images/g/VbsAAOSw2vVlCYX6/s-l1600.jpg",8
392877637944,,"https://i.ebayimg.com/images/g/UkoAAOSwVUllCYX6/s-l1600.jpg",9
392877637944,,"https://i.ebayimg.com/images/g/AmMAAOSwW4NlCYX6/s-l1600.jpg",10
392877640790,Product 392877640790,"https://i.ebayimg.com/images/g/sCoAAOSw1HVfEBcG/s-l1600.jpg",1
392877640790,,"https://i.ebayimg.com/images/g/Fr8AAOSwISFfEBcE/s-l1600.jpg",2
392877640790,,"https://i.ebayimg.com/images/g/1y4AAOSwSjNfEBcI/s-l1600.jpg",3
392877640790,,"https://i.ebayimg.com/images/g/15UAAOSwQLZfEBcL/s-l1600.jpg",4
392877640790,,"https://i.ebayimg.com/images/g/~toAAOSwalFfEBcU/s-l1600.jpg",5
392877640790,,"https://i.ebayimg.com/images/g/PvoAAOSwhUVfEBcN/s-l1600.jpg",6
392877640790,,"https://i.ebayimg.com/images/g/~ygAAOSw~-RfEBci/s-l1600.jpg",7
392877640790,,"https://i.ebayimg.com/images/g/N78AAOSwMwZfEBcV/s-l1600.jpg",8
392877641675,Product 392877641675,"https://i.ebayimg.com/images/g/Ij0AAOSw94JfEULe/s-l1600.jpg",1
392877641675,,"https://i.ebayimg.com/images/g/kqEAAOSw6WZfEULc/s-l1600.jpg",2
392877641675,,"https://i.ebayimg.com/images/g/j~sAAeSwvw1pKCIm/s-l1600.jpg",3
392877641675,,"https://i.ebayimg.com/images/g/HqIAAOSw3U5fEULp/s-l1600.jpg",4
392877641675,,"https://i.ebayimg.com/images/g/0FAAAOSw2ZRfEULi/s-l1600.jpg",5
392877641675,,"https://i.ebayimg.com/images/g/gCUAAOSwxMVfEULg/s-l1600.jpg",6
392877641675,,"https://i.ebayimg.com/images/g/JRkAAOSwAmNfEULk/s-l1600.jpg",7
392877641675,,"https://i.ebayimg.com/images/g/3ZQAAOSwhHVfEULo/s-l1600.jpg",8
392877641675,,"https://i.ebayimg.com/images/g/UvgAAOSwayZfEULm/s-l1600.jpg",9
392879571274,Product 392879571274,"https://i.ebayimg.com/images/g/~0QAAOSwyOdmn3FB/s-l1600.jpg",1
392879571274,,"https://i.ebayimg.com/images/g/kG0AAeSwKyFpKBh9/s-l1600.jpg",2
392879571274,,"https://i.ebayimg.com/images/g/Hq0AAOSwo95mn3FB/s-l1600.jpg",3
392879571274,,"https://i.ebayimg.com/images/g/9VwAAOSw~7dfFW2C/s-l1600.jpg",4
392879571274,,"https://i.ebayimg.com/images/g/rhwAAOSw6QZmn3FC/s-l1600.jpg",5
392879571274,,"https://i.ebayimg.com/images/g/itEAAOSwPslfFW2G/s-l1600.jpg",6
392879571274,,"https://i.ebayimg.com/images/g/ZWIAAOSwzXZmoNDW/s-l1600.jpg",7
392879571274,,"https://i.ebayimg.com/images/g/toUAAOSwi29fFW2E/s-l1600.jpg",8
392879571274,,"https://i.ebayimg.com/images/g/074AAOSwmmlmoNDW/s-l1600.jpg",9
392879571274,,"https://i.ebayimg.com/images/g/y5UAAOSwZXFfFW2I/s-l1600.jpg",10
392879571274,,"https://i.ebayimg.com/images/g/EWIAAOSwrQNmoNDW/s-l1600.jpg",11
392879571274,,"https://i.ebayimg.com/images/g/AV0AAOSw4wVfFW2K/s-l1600.jpg",12
392879571274,,"https://i.ebayimg.com/images/g/bmwAAOSwE5JmoNDW/s-l1600.jpg",13
392879571274,,"https://i.ebayimg.com/images/g/dMkAAOSwI05moNDW/s-l1600.jpg",14
392879571274,,"https://i.ebayimg.com/images/g/hnYAAOSwhqVfFW2L/s-l1600.jpg",15
392883796265,Product 392883796265,"https://i.ebayimg.com/images/g/1HUAAeSwtsZoYh8u/s-l1600.jpg",1
392883796265,,"https://i.ebayimg.com/images/g/WecAAeSwEcdomcUC/s-l1600.jpg",2
392883796265,,"https://i.ebayimg.com/images/g/H2AAAOSwmy1fGox2/s-l1600.jpg",3
392883796265,,"https://i.ebayimg.com/images/g/gh4AAOSwOSVmoMNP/s-l1600.jpg",4
392883796265,,"https://i.ebayimg.com/images/g/rpQAAOSwFXNmn3QH/s-l1600.jpg",5
392883796265,,"https://i.ebayimg.com/images/g/D2UAAOSwv19mn3QI/s-l1600.jpg",6
392883796265,,"https://i.ebayimg.com/images/g/zHoAAOSw7D1moMNB/s-l1600.jpg",7
392883796265,,"https://i.ebayimg.com/images/g/IAsAAOSwgftfGoxv/s-l1600.jpg",8
392883796265,,"https://i.ebayimg.com/images/g/gqIAAOSwTJhmoMNB/s-l1600.jpg",9
392883796265,,"https://i.ebayimg.com/images/g/kWMAAOSwMRhmoMMs/s-l1600.jpg",10
392883796265,,"https://i.ebayimg.com/images/g/DNAAAOSwS9BmoMNP/s-l1600.jpg",11
392883796265,,"https://i.ebayimg.com/images/g/sNoAAOSwTLhfGoxp/s-l1600.jpg",12
392883796265,,"https://i.ebayimg.com/images/g/p~gAAOSwrexmoMNP/s-l1600.jpg",13
392883796265,,"https://i.ebayimg.com/images/g/4bwAAOSwSv1fGoxr/s-l1600.jpg",14
392883796265,,"https://i.ebayimg.com/images/g/oMYAAOSwz7dfGoxx/s-l1600.jpg",15
392883796265,,"https://i.ebayimg.com/images/g/zxoAAOSwRH9fGoxt/s-l1600.jpg",16
392883796265,,"https://i.ebayimg.com/images/g/9jUAAOSwwfVfGo3O/s-l1600.jpg",17
392883796265,,"https://i.ebayimg.com/images/g/MDoAAOSwPzZfGox1/s-l1600.jpg",18
392883796265,,"https://i.ebayimg.com/images/g/6ugAAOSw0VZmn3QH/s-l1600.jpg",19
39288340156,Product 39288340156,,
392913557833,Product 392913557833,"https://i.ebayimg.com/images/g/S0oAAOSwcwJfPPej/s-l1600.jpg",1
392913557833,,"https://i.ebayimg.com/images/g/Bn8AAOSwRylfPPeo/s-l1600.jpg",2
392913557833,,"https://i.ebayimg.com/images/g/N5YAAOSwcMxfPPeq/s-l1600.jpg",3
392913557833,,"https://i.ebayimg.com/images/g/hv8AAOSw3NBfPPes/s-l1600.jpg",4
392913557833,,"https://i.ebayimg.com/images/g/CZ0AAOSwrmNkwh3e/s-l1600.jpg",5
392913557833,,"https://i.ebayimg.com/images/g/zWkAAOSwD~FfPPez/s-l1600.jpg",6
392913557833,,"https://i.ebayimg.com/images/g/20EAAOSwrxBfPPe5/s-l1600.jpg",7
392913557833,,"https://i.ebayimg.com/images/g/gZ8AAOSwWhlfPPe8/s-l1600.jpg",8
